name,pos_x,pos_y,pos_z,name@Added.added_id,modified
10 Canum Venaticorum,-9.375,55.4375,-7,'Beta3','2014-10-30 23:45:00'
10 Ursae Majoris,0.03125,34.90625,-39.09375,'Beta3','2014-10-30 23:45:00'
16 c Ursae Majoris,-21.375,41.84375,-43.21875,'Beta3','2014-10-30 23:45:00'
17 Crateris,73,44.125,17.625,'Beta3','2014-10-30 23:45:00'
20 Leonis Minoris,7.78125,39.40625,-28.1875,'Beta3','2014-10-30 23:45:00'
21 Draco,-60.03125,45.65625,8.09375,'Beta3','2014-10-30 23:45:00'
24 Iota Crateris,60,62.65625,8.375,'Beta3','2014-10-30 23:45:00'
26 Draconis,-39,24.90625,-0.65625,'Beta3','2014-10-30 23:45:00'
35 Draconis,-85.125,51.75,-28.375,'Beta3','2014-10-30 23:45:00'
36 Ursae Majoris,-11.125,32.9375,-23,'Beta3','2014-10-30 23:45:00'
37 Xi Bootis,-4.21875,19.09375,9.8125,'Beta3','2014-10-30 23:45:00'
41 Gamma Serpentis,-12.125,26,22.875,'Beta3','2014-10-30 23:45:00'
44 chi Draconis,-22.5625,12.375,-5.40625,'Beta3','2014-10-30 23:45:00'
47 Cassiopeiae,-83.03125,28.5625,-63.1875,'Beta3','2014-10-30 23:45:00'
47 Ursae Majoris,-1.4375,41.1875,-20.09375,'Beta3','2014-10-30 23:45:00'
54 G. Antlia,70.375,24.46875,-1.09375,'Beta3','2014-10-30 23:45:00'
59 Virginis,10.9375,54.09375,15.25,'Beta3','2014-10-30 23:45:00'
60 Tau Draconis,-129,60.21875,-34.125,'Beta3','2014-10-30 23:45:00'
61 Ursae Majoris,0.5625,30.09375,-8.6875,'Beta3','2014-10-30 23:45:00'
61 Virginis,14.8125,19.28125,13.65625,'Beta3','2014-10-30 23:45:00'
66 Draconis,-164.71875,46.3125,-16.0625,'Beta3','2014-10-30 23:45:00'
68 Draconis,-151.46875,41,-15.96875,'Beta3','2014-10-30 23:45:00'
70 Virginis,5.9375,56.25,15.46875,'Beta3','2014-10-30 23:45:00'
Abrogo,20.8125,16.75,-13.3125,'Beta3','2014-10-30 23:45:00'
Acihaut,-18.5,25.28125,-4,'Beta3','2014-10-30 23:45:00'
Acurukunabogamal,68.4375,24.65625,-1.0625,'Beta3','2014-10-30 23:45:00'
Adityaraguala,-7.09375,2.25,-19.96875,'Beta3','2014-10-30 23:45:00'
Aegilips,22.96875,28.9375,28.40625,'Beta3','2014-10-30 23:45:00'
Aeneas,54.40625,35.90625,24.9375,'Beta3','2014-10-30 23:45:00'
Aganippe,-11.5625,43.8125,11.625,'Beta3','2014-10-30 23:45:00'
Agwe,-48.5625,47.53125,-49.125,'Beta3','2014-10-30 23:45:00'
Akhenaten,-53.375,7.84375,-40.375,'Beta3','2014-10-30 23:45:00'
Aknango,-155.40625,30,-76.4375,'Beta3','2014-10-30 23:45:00'
Al Mina,14.4375,43.78125,-13.25,'Beta3','2014-10-30 23:45:00'
Aladu Kuan Gon,-108.6875,24.65625,-20.78125,'Beta3','2014-10-30 23:45:00'
Alchita,36.21875,29.28125,14.21875,'Beta3','2014-10-30 23:45:00'
Alcor,-36,71.90625,-14.59375,'Beta3','2014-10-30 23:45:00'
Algorab,54.1875,62.3125,26.90625,'Beta3','2014-10-30 23:45:00'
Alrai,-38.71875,12.3125,-21.625,'Beta3','2014-10-30 23:45:00'
Ammapa,-115.25,58.125,-43.28125,'Beta3','2014-10-30 23:45:00'
Amun,51.5625,32.1875,-27.125,'Beta3','2014-10-30 23:45:00'
Anaiwal,-141.78125,46.34375,-18.25,'Beta3','2014-10-30 23:45:00'
Andancan,-75,43,-63,'Beta3','2014-10-30 23:45:00'
Andoe,-33.34375,1.0625,-26.40625,'Beta3','2014-10-30 23:45:00'
Anemoi,-61.375,22.25,1.5625,'Beta3','2014-10-30 23:45:00'
Anete,41.5625,13.15625,-1.6875,'Beta3','2014-10-30 23:45:00'
Aninohini,-119.625,10.375,-32.375,'Beta3','2014-10-30 23:45:00'
Anlave,-25.375,1.125,-20.84375,'Beta3','2014-10-30 23:45:00'
Ansari,-84.5,37.59375,-44.71875,'Beta3','2014-10-30 23:45:00'
Antevorta,43.1875,39.3125,1.53125,'Beta3','2014-10-30 23:45:00'
Antinica,64.5,62.3125,-12.625,'Beta3','2014-10-30 23:45:00'
Anyanwu,32.15625,23.09375,32.1875,'Beta3','2014-10-30 23:45:00'
Ao Guang,0.625,40.03125,-21.34375,'Beta3','2014-10-30 23:45:00'
Ao Qin,-62.90625,46.78125,1.53125,'Beta3','2014-10-30 23:45:00'
Ao Shun,-75.3125,22.59375,1.09375,'Beta3','2014-10-30 23:45:00'
Apalai,52.96875,51.0625,-16.65625,'Beta3','2014-10-30 23:45:00'
Apura,41.8125,57.34375,5.40625,'Beta3','2014-10-30 23:45:00'
Arcturus,-3.53125,34.15625,12.96875,'Beta3','2014-10-30 23:45:00'
Arin,1.0625,3.875,-9,'Beta3','2014-10-30 23:45:00'
Asellus Primus,-23.9375,40.875,-1.34375,'Beta3','2014-10-30 23:45:00'
Ashtart,18.5,65.84375,3.28125,'Beta3','2014-10-30 23:45:00'
Atarapa,41.5625,23.5625,-30.5,'Beta3','2014-10-30 23:45:00'
Atum,49.96875,17.625,5.59375,'Beta3','2014-10-30 23:45:00'
Audhisatsuri,-107.875,29.5625,-20.9375,'Beta3','2014-10-30 23:45:00'
Audusi,-115.71875,16.53125,-21.09375,'Beta3','2014-10-30 23:45:00'
Aulin,-19.6875,32.6875,4.75,'Beta3','2014-10-30 23:45:00'
Aulis,-16.46875,44.1875,-11.4375,'Beta3','2014-10-30 23:45:00'
Aurvandill,-154.65625,40.34375,-82.78125,'Beta3','2014-10-30 23:45:00'
Awabatamori,-110.78125,39.46875,-35.59375,'Beta3','2014-10-30 23:45:00'
Awngtei,-133.5625,10.21875,-58.5625,'Beta3','2014-10-30 23:45:00'
Azaladshu,60.9375,10.34375,-1.09375,'Beta3','2014-10-30 23:45:00'
Baga,-110.3125,15.125,-45.25,'Beta3','2014-10-30 23:45:00'
Balmus,-89,9.375,-52.0625,'Beta3','2014-10-30 23:45:00'
Bast,-36.46875,16.15625,-34.9375,'Beta3','2014-10-30 23:45:00'
Batani,-134.03125,57.34375,-26.53125,'Beta3','2014-10-30 23:45:00'
Baudus,-68.09375,41.0625,-30.96875,'Beta3','2014-10-30 23:45:00'
BD+03 2279,40.9375,44.125,-28.84375,'Beta3','2014-10-30 23:45:00'
BD+03 2316,44.71875,51.34375,-27.875,'Beta3','2014-10-30 23:45:00'
BD+16 2404,8.875,45.1875,3.9375,'Beta3','2014-10-30 23:45:00'
BD+26 2184,13.21875,64.21875,-21.0625,'Beta3','2014-10-30 23:45:00'
BD+27 1739,15.53125,42.78125,-43.15625,'Beta3','2014-10-30 23:45:00'
BD+29 2405,-6.28125,60.8125,5.5,'Beta3','2014-10-30 23:45:00'
BD+47 2112,-14.78125,33.46875,-0.40625,'Beta3','2014-10-30 23:45:00'
BD+55 1519,-16.9375,44.71875,-16.59375,'Beta3','2014-10-30 23:45:00'
BD+57 2595,-110.40625,-1.25,-34.25,'Beta3','2014-10-30 23:45:00'
BD+63 1764,-113.25,16.78125,-28.34375,'Beta3','2014-10-30 23:45:00'
BD+64 1452,-98.5625,25.6875,-17.40625,'Beta3','2014-10-30 23:45:00'
BD+65 1846,-60.3125,7.125,-25.53125,'Beta3','2014-10-30 23:45:00'
BD+66 193,-57.53125,8.625,-50.21875,'Beta3','2014-10-30 23:45:00'
BD+67 1409,-89.4375,16.0625,-30.25,'Beta3','2014-10-30 23:45:00'
BD+71 1033,-104.125,33.875,-30.9375,'Beta3','2014-10-30 23:45:00'
BD+72 545,-48.375,61.71875,-40.21875,'Beta3','2014-10-30 23:45:00'
BD+74 526,-48.65625,53.28125,-29.25,'Beta3','2014-10-30 23:45:00'
BD+87 118,-58.59375,40.65625,-37.75,'Beta3','2014-10-30 23:45:00'
BD-01 2784,23.84375,57.78125,23.71875,'Beta3','2014-10-30 23:45:00'
BD-18 3106,48.46875,36.875,2.0625,'Beta3','2014-10-30 23:45:00'
Begou,-141.125,-1.8125,-53.8125,'Beta3','2014-10-30 23:45:00'
Belobog,-13.34375,53.78125,12.5625,'Beta3','2014-10-30 23:45:00'
BF Canis Venatici,-8.25,62.1875,-3.0625,'Beta3','2014-10-30 23:45:00'
Bhaguti,41.6875,36.3125,18.9375,'Beta3','2014-10-30 23:45:00'
Bhotega,-55.21875,14.5,-25.15625,'Beta3','2014-10-30 23:45:00'
Bhotepa,-109.15625,35.96875,-59.375,'Beta3','2014-10-30 23:45:00'
Binbeal,-172.875,11.25,-51.125,'Beta3','2014-10-30 23:45:00'
Bingui,59.125,38.5,-4.625,'Beta3','2014-10-30 23:45:00'
Blata,-152.90625,21.71875,-12.6875,'Beta3','2014-10-30 23:45:00'
Blatrimpe,29.125,11.3125,-15.875,'Beta3','2014-10-30 23:45:00'
Bogatiku,-126.625,45.71875,-12.5625,'Beta3','2014-10-30 23:45:00'
Bolg,-7.90625,34.71875,2.125,'Beta3','2014-10-30 23:45:00'
Borom Caquit,22.1875,69.5625,-6.4375,'Beta3','2014-10-30 23:45:00'
Bragurom Du,17.4375,61.1875,-6.53125,'Beta3','2014-10-30 23:45:00'
Brahma,13.28125,45.25,17.65625,'Beta3','2014-10-30 23:45:00'
Bugas,12.59375,24.34375,2.84375,'Beta3','2014-10-30 23:45:00'
Bumbo,-92.0625,35,-64.28125,'Beta3','2014-10-30 23:45:00'
Bunda,65.625,17.96875,24.96875,'Beta3','2014-10-30 23:45:00'
Buryacuan Wu,67.53125,25,24.625,'Beta3','2014-10-30 23:45:00'
Caeronthudti,32.25,14.90625,-13.5,'Beta3','2014-10-30 23:45:00'
Caicius,41.0625,48.03125,18.96875,'Beta3','2014-10-30 23:45:00'
Caluayaksheper,-83.375,21.5625,-41.09375,'Beta3','2014-10-30 23:45:00'
Candjinan,-143.25,30.9375,-68.6875,'Beta3','2014-10-30 23:45:00'
Carnoeck,35.96875,5.1875,1.3125,'Beta3','2014-10-30 23:45:00'
Carnutenichuara,-128.46875,33.9375,-19.46875,'Beta3','2014-10-30 23:45:00'
Catuntinigi,-52.65625,30.78125,-51.90625,'Beta3','2014-10-30 23:45:00'
Cavashira,-171.0625,43.28125,-34.96875,'Beta3','2014-10-30 23:45:00'
Cavins,27,8.78125,-7.0625,'Beta3','2014-10-30 23:45:00'
CD-35 6972,81.71875,34.21875,15.375,'Beta3','2014-10-30 23:45:00'
CE Bootis,-5.40625,29.375,16.46875,'Beta3','2014-10-30 23:45:00'
Cenil,55.84375,45.4375,-26.53125,'Beta3','2014-10-30 23:45:00'
Chaac,0.4375,63.21875,-9.5,'Beta3','2014-10-30 23:45:00'
Chapoyo,-100.375,34.46875,-40.09375,'Beta3','2014-10-30 23:45:00'
Chara,-130.46875,-21.75,-124.8125,'Beta3','2014-10-30 23:45:00'
Chaxiraxi,-9.84375,66.53125,5.75,'Beta3','2014-10-30 23:45:00'
Chechehet,-106.5625,24.625,-27.90625,'Beta3','2014-10-30 23:45:00'
Chelmen,-65.96875,47.78125,-56.875,'Beta3','2014-10-30 23:45:00'
Chemaku,-77.5625,6.5625,-10.53125,'Beta3','2014-10-30 23:45:00'
Chi Herculis,-30.75,39.71875,12.78125,'Beta3','2014-10-30 23:45:00'
Chini,52.75,43.65625,-31.46875,'Beta3','2014-10-30 23:45:00'
Chongquan,-20.78125,13.1875,-37.4375,'Beta3','2014-10-30 23:45:00'
Chontantici,49.8125,37.96875,21.84375,'Beta3','2014-10-30 23:45:00'
Choujemait,-114.59375,3.0625,-40.96875,'Beta3','2014-10-30 23:45:00'
Ciguru,-82.40625,3.875,-8.90625,'Beta3','2014-10-30 23:45:00'
Circios,-3.9375,54.5,-37.03125,'Beta3','2014-10-30 23:45:00'
CM Draco,-35.6875,30.9375,2.15625,'Beta3','2014-10-30 23:45:00'
Coelrind,3.0625,35.28125,6.96875,'Beta3','2014-10-30 23:45:00'
Coriccha,-14.40625,19.9375,7,'Beta3','2014-10-30 23:45:00'
Corioskeh Tryth,-118.25,33.34375,-23.65625,'Beta3','2014-10-30 23:45:00'
CPD-23 501,60.59375,35.3125,0.625,'Beta3','2014-10-30 23:45:00'
CR Draco,-49.46875,47.4375,4.375,'Beta3','2014-10-30 23:45:00'
Cuages,-137.78125,21.71875,-14.90625,'Beta3','2014-10-30 23:45:00'
Cybele,33.125,54.46875,25.03125,'Beta3','2014-10-30 23:45:00'
Czernovale,40.53125,37.53125,19.5,'Beta3','2014-10-30 23:45:00'
Dagaz,30.15625,55,15.3125,'Beta3','2014-10-30 23:45:00'
Dahan,-19.75,41.78125,-3.1875,'Beta3','2014-10-30 23:45:00'
Dakantjarini,-93.28125,62.96875,-32.0625,'Beta3','2014-10-30 23:45:00'
Darahk,-65,27,-37,'Beta3','2014-10-30 23:45:00'
Demeter,-55.34375,40.8125,7.5625,'Beta3','2014-10-30 23:45:00'
Denebola,11.09375,33.90625,-3.5,'Beta3','2014-10-30 23:45:00'
Dierfar,73.375,38.71875,10.8125,'Beta3','2014-10-30 23:45:00'
Difu,-34.40625,1.4375,-27.875,'Beta3','2014-10-30 23:45:00'
Divja Mu,-92.3125,13.4375,-16.8125,'Beta3','2014-10-30 23:45:00'
Djedet,-92.84375,22.8125,-22.3125,'Beta3','2014-10-30 23:45:00'
Doris,-38.875,69.03125,-13.375,'Beta3','2014-10-30 23:45:00'
DT Virginis,6.9375,35.03125,6.21875,'Beta3','2014-10-30 23:45:00'
Duamta,2.1875,6.625,-7,'Beta3','2014-10-30 23:45:00'
DX 799,-22.96875,12.3125,-17.90625,'Beta3','2014-10-30 23:45:00'
DX Cancri,2.90625,6.3125,-9.5625,'Beta3','2014-10-30 23:45:00'
Dyaushis,-50.0625,8.375,-41.78125,'Beta3','2014-10-30 23:45:00'
EGGR 431,31.6875,36.75,-28.40625,'Beta3','2014-10-30 23:45:00'
Egovedunuvitra,-117.375,23.1875,-6.6875,'Beta3','2014-10-30 23:45:00'
Ehlangai,-51.53125,35.15625,-46.125,'Beta3','2014-10-30 23:45:00'
Eme,33.71875,26.21875,4.03125,'Beta3','2014-10-30 23:45:00'
Enumclawilya,-116.875,15.25,-36.03125,'Beta3','2014-10-30 23:45:00'
Eranin,-22.84375,36.53125,-1.1875,'Beta3','2014-10-30 23:45:00'
Eravarenth,66.84375,21.84375,27.46875,'Beta3','2014-10-30 23:45:00'
Erlaza,28.25,22.59375,30.375,'Beta3','2014-10-30 23:45:00'
Eta Corvi,36.71875,43.03125,18.78125,'Beta3','2014-10-30 23:45:00'
Eta Draconis,-69.53125,60.28125,-2.9375,'Beta3','2014-10-30 23:45:00'
Etznabihik Mangk,54.125,62.375,6.4375,'Beta3','2014-10-30 23:45:00'
Evergreen,-86.6875,25.34375,-3.3125,'Beta3','2014-10-30 23:45:00'
Exbeur,-35.15625,27.84375,-33.65625,'Beta3','2014-10-30 23:45:00'
FAUST 2688,62.5,51.4375,-11.46875,'Beta3','2014-10-30 23:45:00'
Feng Huang,74.53125,40.125,-20.4375,'Beta3','2014-10-30 23:45:00'
Fianna,28.5625,27.34375,11,'Beta3','2014-10-30 23:45:00'
Fionn,32.5,9.3125,-22.75,'Beta3','2014-10-30 23:45:00'
Flousop,-1.625,16.8125,4,'Beta3','2014-10-30 23:45:00'
FN Virginis,7.5625,24.6875,6.15625,'Beta3','2014-10-30 23:45:00'
Friggirawi,-112.21875,38.3125,-19.875,'Beta3','2014-10-30 23:45:00'
Fu Haiting,-103,29.46875,-43.4375,'Beta3','2014-10-30 23:45:00'
G 113-20,18.78125,10.09375,-20.75,'Beta3','2014-10-30 23:45:00'
G 121-8,9.1875,58.75,-10.59375,'Beta3','2014-10-30 23:45:00'
G 123-49,-18.90625,66.875,-14.78125,'Beta3','2014-10-30 23:45:00'
G 14-6,13.5,30.375,9.0625,'Beta3','2014-10-30 23:45:00'
G 146-5,-7.375,53.9375,-43.03125,'Beta3','2014-10-30 23:45:00'
G 175-42,-14.65625,2.5,-29.46875,'Beta3','2014-10-30 23:45:00'
G 180-18,-28.96875,40.6875,19.03125,'Beta3','2014-10-30 23:45:00'
G 181-6,-20.3125,20.3125,14.0625,'Beta3','2014-10-30 23:45:00'
G 203-47,-18.34375,14.25,7.09375,'Beta3','2014-10-30 23:45:00'
G 224-46,-55.25,60.34375,-12.71875,'Beta3','2014-10-30 23:45:00'
G 239-25,-22.6875,25.8125,-6.6875,'Beta3','2014-10-30 23:45:00'
G 250-34,-27.28125,25.90625,-44.5,'Beta3','2014-10-30 23:45:00'
G 65-9,9.53125,42.34375,20.34375,'Beta3','2014-10-30 23:45:00'
G 89-32,10.28125,4.59375,-16.6875,'Beta3','2014-10-30 23:45:00'
GD 140,4.84375,49.5625,-13.3125,'Beta3','2014-10-30 23:45:00'
Gendalla,12,9.96875,-5.53125,'Beta3','2014-10-30 23:45:00'
Gendini,-122.5625,48.5,-34.5625,'Beta3','2014-10-30 23:45:00'
Gera,-88.8125,11.6875,-33.59375,'Beta3','2014-10-30 23:45:00'
Gliese 3371,-17.71875,12.96875,-38.3125,'Beta3','2014-10-30 23:45:00'
Gliese 9843,-106.25,33.59375,-61,'Beta3','2014-10-30 23:45:00'
Gomm Crua,-41.46875,27.21875,-51.15625,'Beta3','2014-10-30 23:45:00'
Gong Gu,-88.90625,26.1875,-4.6875,'Beta3','2014-10-30 23:45:00'
GQ Virginis,12.15625,27.3125,23.28125,'Beta3','2014-10-30 23:45:00'
Grabri,-97.71875,43.65625,-15.78125,'Beta3','2014-10-30 23:45:00'
Groombridge 1618,-2.34375,12.625,-9.34375,'Beta3','2014-10-30 23:45:00'
Guangul,-27.5,14.3125,-2.28125,'Beta3','2014-10-30 23:45:00'
Gunnovii,-114.40625,37.25,-1.71875,'Beta3','2014-10-30 23:45:00'
Guy,26.71875,14.25,7.375,'Beta3','2014-10-30 23:45:00'
h Draconis,-39.84375,29.5625,-3.90625,'Beta3','2014-10-30 23:45:00'
Hach,-73.0625,13.28125,-8.25,'Beta3','2014-10-30 23:45:00'
Hadad,9.875,57.84375,20.59375,'Beta3','2014-10-30 23:45:00'
Haeditjaray,-163.0625,14.03125,-64.5625,'Beta3','2014-10-30 23:45:00'
Hagalaz,-50.59375,45.15625,11.09375,'Beta3','2014-10-30 23:45:00'
Haidjaram,-126.3125,57.28125,-24.1875,'Beta3','2014-10-30 23:45:00'
Hambula,-39.65625,6.125,-2.5,'Beta3','2014-10-30 23:45:00'
Haokah,-22.1875,37.625,-47.3125,'Beta3','2014-10-30 23:45:00'
Hared,-97.125,22.75,-20,'Beta3','2014-10-30 23:45:00'
Haribaluayai,-150.375,30.3125,-13.9375,'Beta3','2014-10-30 23:45:00'
Havat,-107,15.3125,-39.71875,'Beta3','2014-10-30 23:45:00'
HDS 1879,-38.125,69.1875,-17.09375,'Beta3','2014-10-30 23:45:00'
Heheng De,-119.34375,31.71875,-9.625,'Beta3','2014-10-30 23:45:00'
Helios,32.34375,42.1875,-11.28125,'Beta3','2014-10-30 23:45:00'
HIP 105557,-113.53125,41.21875,-45.6875,'Beta3','2014-10-30 23:45:00'
HIP 107457,-116.25,28.34375,-39.3125,'Beta3','2014-10-30 23:45:00'
HIP 109479,-127.5,29.875,-48.5,'Beta3','2014-10-30 23:45:00'
HIP 110773,-120.375,46.375,-60.6875,'Beta3','2014-10-30 23:45:00'
HIP 111496,-136.75,13.71875,-47.53125,'Beta3','2014-10-30 23:45:00'
HIP 113477,-121.40625,19.78125,-52.46875,'Beta3','2014-10-30 23:45:00'
HIP 113905,-140.3125,36.9375,-68.5,'Beta3','2014-10-30 23:45:00'
HIP 114099,-153.28125,26.65625,-69.34375,'Beta3','2014-10-30 23:45:00'
HIP 114769,-155.5,13.5625,-67.34375,'Beta3','2014-10-30 23:45:00'
HIP 2422,-103.21875,31.34375,-64.375,'Beta3','2014-10-30 23:45:00'
HIP 2453,-110.90625,16.5,-67.84375,'Beta3','2014-10-30 23:45:00'
HIP 4907,-68.3125,9.625,-46.5,'Beta3','2014-10-30 23:45:00'
HIP 85887,-110.34375,69.90625,-31.375,'Beta3','2014-10-30 23:45:00'
HIP 91906,-108.09375,57.1875,-33.59375,'Beta3','2014-10-30 23:45:00'
Hlocidirus,30.96875,19.78125,-29.78125,'Beta3','2014-10-30 23:45:00'
Hlooyn,2.15625,66.21875,-26.84375,'Beta3','2014-10-30 23:45:00'
Holiacan,-51.25,67.34375,-21.46875,'Beta3','2014-10-30 23:45:00'
HR 3862,44.34375,18.09375,-10.03125,'Beta3','2014-10-30 23:45:00'
HR 3991,71.8125,51,-20.59375,'Beta3','2014-10-30 23:45:00'
HR 4979,48.28125,28.03125,37.75,'Beta3','2014-10-30 23:45:00'
HR 7925,-104.53125,21.0625,-12.1875,'Beta3','2014-10-30 23:45:00'
HR 8423,-105.375,48.25,-55.53125,'Beta3','2014-10-30 23:45:00'
HR 8472,-118.84375,1.125,-26.875,'Beta3','2014-10-30 23:45:00'
HR 8474,-97.96875,21.3125,-36.125,'Beta3','2014-10-30 23:45:00'
Hsien Baji,-49.1875,20.21875,-43.625,'Beta3','2014-10-30 23:45:00'
Hun Banja,-84.4375,16.90625,-60.40625,'Beta3','2014-10-30 23:45:00'
Huokang,-12.1875,35.46875,-25.28125,'Beta3','2014-10-30 23:45:00'
Hyperion,-51.1875,7.5,-16.71875,'Beta3','2014-10-30 23:45:00'
i Bootis,-22.375,34.84375,4,'Beta3','2014-10-30 23:45:00'
Igororai,-176.25,30.75,-71.59375,'Beta3','2014-10-30 23:45:00'
Ikpenones,-39.375,31.5625,-45.09375,'Beta3','2014-10-30 23:45:00'
Issin,-45.1875,56.3125,-42.84375,'Beta3','2014-10-30 23:45:00'
Istanu,2.0625,55.15625,1.28125,'Beta3','2014-10-30 23:45:00'
Ithaca,-8.09375,44.9375,-9.28125,'Beta3','2014-10-30 23:45:00'
Jaitu,-102.15625,21.75,-17.3125,'Beta3','2014-10-30 23:45:00'
Janjak,-121.96875,16.03125,-71.40625,'Beta3','2014-10-30 23:45:00'
Jeidrungaragototo,-145.5,24.21875,-19.25,'Beta3','2014-10-30 23:45:00'
Jetes,-141.21875,16.28125,-59.3125,'Beta3','2014-10-30 23:45:00'
Jok Islese,70.15625,51.5625,9.5,'Beta3','2014-10-30 23:45:00'
Jolangen,31.59375,29.3125,35,'Beta3','2014-10-30 23:45:00'
Juipedun,-90.34375,39.75,-61.375,'Beta3','2014-10-30 23:45:00'
Jula Oh,-184,44.78125,-58.1875,'Beta3','2014-10-30 23:45:00'
Jun,-126,29.21875,-4,'Beta3','2014-10-30 23:45:00'
Jungkurara,-161.6875,22.65625,-42.0625,'Beta3','2014-10-30 23:45:00'
K Camelopardalis,-45.21875,26.625,-43.46875,'Beta3','2014-10-30 23:45:00'
Kaal,-18.34375,66.71875,-21.59375,'Beta3','2014-10-30 23:45:00'
'Kaha''i',-7.03125,60.8125,-21.8125,'Beta3','2014-10-30 23:45:00'
Kali,33.59375,57.375,-28.84375,'Beta3','2014-10-30 23:45:00'
Kamchaultultula,-82.0625,1.625,-14.4375,'Beta3','2014-10-30 23:45:00'
Kanati,74.125,46.1875,-19.46875,'Beta3','2014-10-30 23:45:00'
Kanos,41.375,53.65625,-12.65625,'Beta3','2014-10-30 23:45:00'
Karovices,-102.4375,6.9375,-14.875,'Beta3','2014-10-30 23:45:00'
Kassi Hua,-100.15625,35.8125,-62.0625,'Beta3','2014-10-30 23:45:00'
Katae,-27.90625,61.21875,-11.125,'Beta3','2014-10-30 23:45:00'
Kato,-181.03125,26.3125,-20.78125,'Beta3','2014-10-30 23:45:00'
Keiadjara,-114.125,28.90625,-56.59375,'Beta3','2014-10-30 23:45:00'
Keian Gu,-63.71875,22.46875,-44.0625,'Beta3','2014-10-30 23:45:00'
Keling,-133.25,61.9375,-38.09375,'Beta3','2014-10-30 23:45:00'
Keries,-18.90625,27.21875,12.59375,'Beta3','2014-10-30 23:45:00'
Khernidjal,-35.9375,70.5625,-7.65625,'Beta3','2014-10-30 23:45:00'
Kholedo,-95.09375,33.5625,-7.15625,'Beta3','2014-10-30 23:45:00'
Khong Qin Gu,-102.1875,20.1875,-23.125,'Beta3','2014-10-30 23:45:00'
Kishia,-107.9375,5.96875,-47.71875,'Beta3','2014-10-30 23:45:00'
Kokobujundji,-122.28125,59.8125,-19.15625,'Beta3','2014-10-30 23:45:00'
Kokoto,39.15625,40.5,28,'Beta3','2014-10-30 23:45:00'
Kongi,-149.21875,14.25,-45.125,'Beta3','2014-10-30 23:45:00'
Korubu,-86.53125,39.0625,-8.78125,'Beta3','2014-10-30 23:45:00'
Kotaition,-100.84375,35.5,-36.34375,'Beta3','2014-10-30 23:45:00'
Krumine,-154.90625,17.53125,-79.03125,'Beta3','2014-10-30 23:45:00'
Kuikian Batji,-69.65625,67.3125,-39.03125,'Beta3','2014-10-30 23:45:00'
Kumana,72.28125,30.0625,-22.5625,'Beta3','2014-10-30 23:45:00'
Kunapalanezti,-118.125,60.6875,-34.6875,'Beta3','2014-10-30 23:45:00'
Kunbuluan,-90.09375,61.6875,-30.875,'Beta3','2014-10-30 23:45:00'
Kungati,-123.5,13.25,-35.78125,'Beta3','2014-10-30 23:45:00'
Kurngali,-129.8125,37.34375,-48.78125,'Beta3','2014-10-30 23:45:00'
Kurui Gubi,-33.8125,39.34375,-26.25,'Beta3','2014-10-30 23:45:00'
Kurunmindjuk,-66.25,52.25,-17.78125,'Beta3','2014-10-30 23:45:00'
Kushentinoni,-134.71875,24.46875,-57.5625,'Beta3','2014-10-30 23:45:00'
Kwakamitreyja,-89.84375,23.0625,-24.375,'Beta3','2014-10-30 23:45:00'
Kwamennero Kojin,-69.4375,42,-52.4375,'Beta3','2014-10-30 23:45:00'
Labed,-86.875,32.3125,-59.90625,'Beta3','2014-10-30 23:45:00'
Lakluit,-101.6875,25.125,-14.0625,'Beta3','2014-10-30 23:45:00'
Lalande 18115,-3.84375,14,-14.40625,'Beta3','2014-10-30 23:45:00'
Lalande 22954,42.8125,56.96875,15.21875,'Beta3','2014-10-30 23:45:00'
Lalande 29917,-26.53125,22.15625,-4.5625,'Beta3','2014-10-30 23:45:00'
Lalande 30699,-64.34375,48.96875,-10.875,'Beta3','2014-10-30 23:45:00'
Lalande 37923,-84.125,38.9375,-28.15625,'Beta3','2014-10-30 23:45:00'
Las Xenangaresti,-128.40625,33.59375,-24.75,'Beta3','2014-10-30 23:45:00'
Latucairhemaiabi,-168.90625,27.375,-55.375,'Beta3','2014-10-30 23:45:00'
LAWD 17,-1.84375,39.78125,-39.6875,'Beta3','2014-10-30 23:45:00'
LAWD 52,-52.28125,61.8125,-26.5625,'Beta3','2014-10-30 23:45:00'
LDS 2314,-16.5,44.5625,-31.875,'Beta3','2014-10-30 23:45:00'
LDS 413,53.65625,32.40625,30.84375,'Beta3','2014-10-30 23:45:00'
Lei Ta Tetona,19.125,15.4375,-12.28125,'Beta3','2014-10-30 23:45:00'
Leng Wanjadimuru,-133.90625,-1.21875,-33.375,'Beta3','2014-10-30 23:45:00'
LFT 1072,-45.90625,43.71875,-23.25,'Beta3','2014-10-30 23:45:00'
LFT 1421,-45.46875,18.5625,12.59375,'Beta3','2014-10-30 23:45:00'
LFT 1446,-38.8125,18.25,-7.9375,'Beta3','2014-10-30 23:45:00'
LFT 1748,-43.375,1,-15.125,'Beta3','2014-10-30 23:45:00'
LFT 424,-14.46875,8.8125,-37.03125,'Beta3','2014-10-30 23:45:00'
LFT 601,26.65625,24.8125,-34.75,'Beta3','2014-10-30 23:45:00'
LFT 625,50.21875,8.71875,-13,'Beta3','2014-10-30 23:45:00'
LFT 682,32,3.1875,1.46875,'Beta3','2014-10-30 23:45:00'
LFT 698,27.25,26.75,-12.625,'Beta3','2014-10-30 23:45:00'
LFT 709,34.6875,26.15625,-9.46875,'Beta3','2014-10-30 23:45:00'
LFT 820,12.34375,54.5,-13.5625,'Beta3','2014-10-30 23:45:00'
LFT 824,45.96875,33.71875,9.71875,'Beta3','2014-10-30 23:45:00'
LFT 859,12.5625,31.46875,-1.71875,'Beta3','2014-10-30 23:45:00'
LFT 880,-22.8125,31.40625,-18.34375,'Beta3','2014-10-30 23:45:00'
LFT 90,-29.21875,-0.9375,-19.8125,'Beta3','2014-10-30 23:45:00'
LFT 926,51.03125,17.6875,30.21875,'Beta3','2014-10-30 23:45:00'
LFT 945,27.5,53.90625,16.40625,'Beta3','2014-10-30 23:45:00'
LFT 992,-7.5625,42.59375,0.6875,'Beta3','2014-10-30 23:45:00'
LHS 1065,-51.71875,15.84375,-31.75,'Beta3','2014-10-30 23:45:00'
LHS 1101,-54.46875,9.375,-33.46875,'Beta3','2014-10-30 23:45:00'
LHS 1167,-65.90625,8.9375,-44,'Beta3','2014-10-30 23:45:00'
LHS 140,-34.53125,16.1875,-23.0625,'Beta3','2014-10-30 23:45:00'
LHS 1505,-50.25,18.8125,-44.09375,'Beta3','2014-10-30 23:45:00'
LHS 1663,-40.53125,18.25,-40.90625,'Beta3','2014-10-30 23:45:00'
LHS 1882,-16.4375,21.375,-48.6875,'Beta3','2014-10-30 23:45:00'
LHS 1923,-18.59375,27.84375,-48.96875,'Beta3','2014-10-30 23:45:00'
LHS 1951,17.875,6.625,-21.375,'Beta3','2014-10-30 23:45:00'
LHS 1963,-0.4375,14.09375,-24.3125,'Beta3','2014-10-30 23:45:00'
LHS 2037,33.78125,7.25,-14.5,'Beta3','2014-10-30 23:45:00'
LHS 207,-47.84375,28.65625,-45.8125,'Beta3','2014-10-30 23:45:00'
LHS 2088,-23.3125,25.71875,-28.34375,'Beta3','2014-10-30 23:45:00'
LHS 2123,-56.53125,42.40625,-44.75,'Beta3','2014-10-30 23:45:00'
LHS 215,-20.59375,13.28125,-18.3125,'Beta3','2014-10-30 23:45:00'
LHS 2157,26.21875,11.15625,-7.3125,'Beta3','2014-10-30 23:45:00'
LHS 2166,30.5,4.65625,-0.59375,'Beta3','2014-10-30 23:45:00'
LHS 221,-13.25,14.25,-28.71875,'Beta3','2014-10-30 23:45:00'
LHS 2217,40.1875,50,-30.15625,'Beta3','2014-10-30 23:45:00'
LHS 2233,69.34375,21.03125,0.25,'Beta3','2014-10-30 23:45:00'
LHS 224,-7.5625,11.71875,-26.46875,'Beta3','2014-10-30 23:45:00'
LHS 2274,8.21875,58.28125,-33.9375,'Beta3','2014-10-30 23:45:00'
LHS 229,-5.90625,16.625,-33.34375,'Beta3','2014-10-30 23:45:00'
LHS 2314,42.90625,64.03125,-20.375,'Beta3','2014-10-30 23:45:00'
LHS 2335,52.09375,25.34375,5.6875,'Beta3','2014-10-30 23:45:00'
LHS 2337,9.9375,66.25,-28.90625,'Beta3','2014-10-30 23:45:00'
LHS 2363,-11.9375,62.25,-31.78125,'Beta3','2014-10-30 23:45:00'
LHS 2405,-45.875,45.5625,-36.28125,'Beta3','2014-10-30 23:45:00'
LHS 2412,55.09375,62.28125,1.875,'Beta3','2014-10-30 23:45:00'
LHS 2429,24.71875,13.375,6.875,'Beta3','2014-10-30 23:45:00'
LHS 246,-19,22.5625,-28.21875,'Beta3','2014-10-30 23:45:00'
LHS 2471,18.96875,42.09375,-1.3125,'Beta3','2014-10-30 23:45:00'
LHS 2477,67.8125,31.1875,26.9375,'Beta3','2014-10-30 23:45:00'
LHS 2482,22.75,63.90625,-3.71875,'Beta3','2014-10-30 23:45:00'
LHS 2494,35.53125,59.03125,5.09375,'Beta3','2014-10-30 23:45:00'
LHS 250,-19.1875,24.34375,-29.53125,'Beta3','2014-10-30 23:45:00'
LHS 2541,29.8125,63.96875,6.625,'Beta3','2014-10-30 23:45:00'
LHS 2552,40.15625,13,21.25,'Beta3','2014-10-30 23:45:00'
LHS 259,-7.625,42.28125,-47.90625,'Beta3','2014-10-30 23:45:00'
LHS 262,-6.90625,22.875,-23.8125,'Beta3','2014-10-30 23:45:00'
LHS 2651,-22.84375,60.375,-13.8125,'Beta3','2014-10-30 23:45:00'
LHS 2661,16.09375,46.71875,12.71875,'Beta3','2014-10-30 23:45:00'
LHS 2691,-4.1875,65,3.21875,'Beta3','2014-10-30 23:45:00'
LHS 274,35.8125,23.28125,-13.25,'Beta3','2014-10-30 23:45:00'
LHS 2764a,-4.71875,54.125,0.65625,'Beta3','2014-10-30 23:45:00'
LHS 278,-5.90625,38.65625,-29.90625,'Beta3','2014-10-30 23:45:00'
LHS 2789,-34.34375,71,-8.78125,'Beta3','2014-10-30 23:45:00'
LHS 2819,-30.5,38.5625,-13.4375,'Beta3','2014-10-30 23:45:00'
LHS 283,-20.78125,29.59375,-23.53125,'Beta3','2014-10-30 23:45:00'
LHS 287,1.03125,29.59375,-16.5,'Beta3','2014-10-30 23:45:00'
LHS 2884,-22,48.40625,1.78125,'Beta3','2014-10-30 23:45:00'
LHS 2887,-7.34375,26.78125,5.71875,'Beta3','2014-10-30 23:45:00'
LHS 2936,-31.6875,55.5625,0.5,'Beta3','2014-10-30 23:45:00'
LHS 295,15.71875,33.46875,-12.21875,'Beta3','2014-10-30 23:45:00'
LHS 3006,-21.96875,29.09375,-1.71875,'Beta3','2014-10-30 23:45:00'
LHS 301,28.84375,52.34375,-8.625,'Beta3','2014-10-30 23:45:00'
LHS 302,9.96875,53.1875,-16.3125,'Beta3','2014-10-30 23:45:00'
LHS 3057,-50.75,50.03125,-13.28125,'Beta3','2014-10-30 23:45:00'
LHS 306,30.09375,28.84375,2.96875,'Beta3','2014-10-30 23:45:00'
LHS 317,44.65625,27.03125,15.03125,'Beta3','2014-10-30 23:45:00'
LHS 3262,-24.125,18.84375,4.90625,'Beta3','2014-10-30 23:45:00'
LHS 331,-24.40625,63.4375,-20.65625,'Beta3','2014-10-30 23:45:00'
LHS 336,26.5625,5.78125,16.125,'Beta3','2014-10-30 23:45:00'
LHS 346,38.96875,20.21875,28.96875,'Beta3','2014-10-30 23:45:00'
LHS 351,8.40625,59.875,17.5625,'Beta3','2014-10-30 23:45:00'
LHS 3549,-29.625,6.125,-1.9375,'Beta3','2014-10-30 23:45:00'
LHS 355,1.09375,46.15625,9.71875,'Beta3','2014-10-30 23:45:00'
LHS 3586,-82.09375,25.96875,-23.15625,'Beta3','2014-10-30 23:45:00'
LHS 3631,-91.625,30.34375,-31.65625,'Beta3','2014-10-30 23:45:00'
LHS 369,9.71875,26.34375,22.15625,'Beta3','2014-10-30 23:45:00'
LHS 371,-9.625,49.4375,17.625,'Beta3','2014-10-30 23:45:00'
LHS 380,5.28125,6.75,10.875,'Beta3','2014-10-30 23:45:00'
LHS 3877,-74.28125,10.90625,-30.84375,'Beta3','2014-10-30 23:45:00'
LHS 391,-15.90625,45.15625,21.375,'Beta3','2014-10-30 23:45:00'
LHS 411,-13.125,23.59375,18.625,'Beta3','2014-10-30 23:45:00'
LHS 417,-18.3125,18.1875,4.90625,'Beta3','2014-10-30 23:45:00'
LHS 450,-12.40625,7.8125,-1.875,'Beta3','2014-10-30 23:45:00'
LHS 5072,-33.34375,15.15625,-27.53125,'Beta3','2014-10-30 23:45:00'
LHS 5287,-36.40625,48.1875,-0.78125,'Beta3','2014-10-30 23:45:00'
LHS 6128,-14.4375,18.3125,-29.28125,'Beta3','2014-10-30 23:45:00'
LHS 6197,79.5,45,10.46875,'Beta3','2014-10-30 23:45:00'
LHS 6282,-11.46875,39.78125,22.78125,'Beta3','2014-10-30 23:45:00'
LHS 6309,-33.5625,33.125,13.46875,'Beta3','2014-10-30 23:45:00'
LHS 64,-76.6875,11.09375,-10.8125,'Beta3','2014-10-30 23:45:00'
Li Quang,-108.03125,36.84375,-11.75,'Beta3','2014-10-30 23:45:00'
Loga,-79.78125,36.53125,-42.0625,'Beta3','2014-10-30 23:45:00'
Logoni,69.21875,29.03125,17.28125,'Beta3','2014-10-30 23:45:00'
Lokapuri,-72.78125,33.78125,1.9375,'Beta3','2014-10-30 23:45:00'
Lopu Maid Fo,59.28125,44.375,16.6875,'Beta3','2014-10-30 23:45:00'
LP 102-320,-60.625,35.125,3.21875,'Beta3','2014-10-30 23:45:00'
LP 131-55,-25.34375,63.8125,-17.6875,'Beta3','2014-10-30 23:45:00'
LP 1-52,-49.9375,28.8125,-33.28125,'Beta3','2014-10-30 23:45:00'
LP 167-64,-7.34375,55.78125,-35.59375,'Beta3','2014-10-30 23:45:00'
LP 167-71,-11.15625,61.84375,-39.28125,'Beta3','2014-10-30 23:45:00'
LP 211-12,2.03125,43.96875,-41.375,'Beta3','2014-10-30 23:45:00'
LP 27-9,-70.40625,25.4375,-32.40625,'Beta3','2014-10-30 23:45:00'
LP 29-188,-67.625,17.0625,-50.21875,'Beta3','2014-10-30 23:45:00'
LP 30-55,-26.5625,6.75,-20.71875,'Beta3','2014-10-30 23:45:00'
LP 320-359,1.25,49.71875,-6.5625,'Beta3','2014-10-30 23:45:00'
LP 322-836,-3.4375,51.59375,2.03125,'Beta3','2014-10-30 23:45:00'
LP 36-115,-41.6875,46,-49.78125,'Beta3','2014-10-30 23:45:00'
LP 377-100,7.5625,70.4375,-2.5625,'Beta3','2014-10-30 23:45:00'
LP 37-75,-27.25,38.5,-33.65625,'Beta3','2014-10-30 23:45:00'
LP 45-128,-69.28125,32.25,-13.90625,'Beta3','2014-10-30 23:45:00'
LP 465-14,75.75,26.03125,5.15625,'Beta3','2014-10-30 23:45:00'
LP 48-567,-67.0625,14.96875,-25.5625,'Beta3','2014-10-30 23:45:00'
LP 488-37,28.5625,42.5625,-31.9375,'Beta3','2014-10-30 23:45:00'
LP 51-17,-60.0625,5.15625,-40.28125,'Beta3','2014-10-30 23:45:00'
LP 58-247,-24.25,28.53125,-46,'Beta3','2014-10-30 23:45:00'
LP 5-88,-27.28125,19.59375,-23.03125,'Beta3','2014-10-30 23:45:00'
LP 60-205,-31.96875,46.84375,-50.375,'Beta3','2014-10-30 23:45:00'
LP 617-37,22.28125,58.59375,25.5,'Beta3','2014-10-30 23:45:00'
LP 64-194,-21.65625,32.21875,-16.21875,'Beta3','2014-10-30 23:45:00'
LP 672-42,27.78125,32.84375,1,'Beta3','2014-10-30 23:45:00'
LP 673-13,33.15625,43.03125,0.40625,'Beta3','2014-10-30 23:45:00'
LP 675-76,27.21875,45.59375,11.59375,'Beta3','2014-10-30 23:45:00'
LP 71-157,-52.34375,28.375,-8.03125,'Beta3','2014-10-30 23:45:00'
LP 732-94,33.28125,32.34375,1.03125,'Beta3','2014-10-30 23:45:00'
LP 734-11,36.9375,41.28125,9.625,'Beta3','2014-10-30 23:45:00'
LP 787-52,35.40625,14.375,-14.21875,'Beta3','2014-10-30 23:45:00'
LP 792-20,41.53125,34.78125,4,'Beta3','2014-10-30 23:45:00'
LP 792-33,54.8125,49.65625,7.71875,'Beta3','2014-10-30 23:45:00'
LP 793-33,46.875,40.21875,11.25,'Beta3','2014-10-30 23:45:00'
LP 844-28,36.125,9.3125,-13.75,'Beta3','2014-10-30 23:45:00'
LP 847-48,34.0625,13.375,-4.78125,'Beta3','2014-10-30 23:45:00'
LP 849-20,78.71875,50.21875,1.0625,'Beta3','2014-10-30 23:45:00'
LP 855-34,33.625,33.8125,33.375,'Beta3','2014-10-30 23:45:00'
LP 90-39,-18.25,33.09375,-39.09375,'Beta3','2014-10-30 23:45:00'
LP 906-9,43.4375,25.78125,6.5625,'Beta3','2014-10-30 23:45:00'
LP 908-11,42.84375,25.34375,16.9375,'Beta3','2014-10-30 23:45:00'
LP 98-132,-26.78125,37.03125,-4.59375,'Beta3','2014-10-30 23:45:00'
LP Draconis,-87.9375,49.34375,-15.5,'Beta3','2014-10-30 23:45:00'
LTT 10482,-61.1875,23.59375,-42,'Beta3','2014-10-30 23:45:00'
LTT 12680,31.09375,53.25,-34.96875,'Beta3','2014-10-30 23:45:00'
LTT 12990,-0.5625,67.40625,-29.65625,'Beta3','2014-10-30 23:45:00'
LTT 15294,-84.6875,50.21875,-6.40625,'Beta3','2014-10-30 23:45:00'
LTT 16523,-72.65625,13.28125,-25.9375,'Beta3','2014-10-30 23:45:00'
LTT 16979,-97.25,24.3125,-52.5625,'Beta3','2014-10-30 23:45:00'
LTT 3919,50.03125,17.375,5.59375,'Beta3','2014-10-30 23:45:00'
LTT 4131,61,37.84375,7.84375,'Beta3','2014-10-30 23:45:00'
LTT 4150,61.46875,42.6875,6.96875,'Beta3','2014-10-30 23:45:00'
LTT 4376,54.5,61.46875,9.625,'Beta3','2014-10-30 23:45:00'
LTT 4447,68.0625,50.40625,23.15625,'Beta3','2014-10-30 23:45:00'
LTT 4461,49.625,44.84375,15.65625,'Beta3','2014-10-30 23:45:00'
LTT 4527,49.9375,48.53125,17.28125,'Beta3','2014-10-30 23:45:00'
LTT 4549,55.71875,17.59375,27.15625,'Beta3','2014-10-30 23:45:00'
LTT 4730,22.1875,30.875,9.84375,'Beta3','2014-10-30 23:45:00'
LTT 4772,50.78125,63.21875,26.53125,'Beta3','2014-10-30 23:45:00'
LTT 4898,43.0625,39.71875,27.71875,'Beta3','2014-10-30 23:45:00'
LTT 5131,39.28125,26.0625,32.375,'Beta3','2014-10-30 23:45:00'
LTT 5455,13.0625,18.8125,17.96875,'Beta3','2014-10-30 23:45:00'
LU Velorum,49.875,5.875,4.3125,'Beta3','2014-10-30 23:45:00'
Lucab Ku,-132.75,48.28125,-41.4375,'Beta3','2014-10-30 23:45:00'
Luggerates,-106.8125,42.0625,-63.9375,'Beta3','2014-10-30 23:45:00'
Lugien Chabtani,-63.21875,57.625,-16,'Beta3','2014-10-30 23:45:00'
Luhman 16,6.3125,0.59375,1.71875,'Beta3','2014-10-30 23:45:00'
Luyten 674-15,16.71875,2.28125,-9.125,'Beta3','2014-10-30 23:45:00'
'Luyten''s Star',6.5625,2.34375,-10.25,'Beta3','2014-10-30 23:45:00'
Macomaneleng Mu,-100.40625,28.125,-28.75,'Beta3','2014-10-30 23:45:00'
Magec,-32.875,36.15625,15.5,'Beta3','2014-10-30 23:45:00'
Maitaokona,-157.0625,33.1875,-69.8125,'Beta3','2014-10-30 23:45:00'
Maitis,-84.1875,18.0625,-47.28125,'Beta3','2014-10-30 23:45:00'
Malanquiya,-150.21875,30.09375,-15.6875,'Beta3','2014-10-30 23:45:00'
Malina,-48.1875,23,14.40625,'Beta3','2014-10-30 23:45:00'
Maljenni,61.34375,38.71875,17,'Beta3','2014-10-30 23:45:00'
Manarato,-91.84375,64.9375,-38.5,'Beta3','2014-10-30 23:45:00'
Manbai Chac Moco,28.5,32.09375,5.3125,'Beta3','2014-10-30 23:45:00'
Mankob,-84.78125,21.90625,-44.40625,'Beta3','2014-10-30 23:45:00'
Mannheim,-142,67.625,-36.34375,'Beta3','2014-10-30 23:45:00'
Maranarinjhian Hsi,-97.34375,42.625,-6.9375,'Beta3','2014-10-30 23:45:00'
Marasing,-89.03125,31.09375,-11.15625,'Beta3','2014-10-30 23:45:00'
Maraupol Bumbin,82.5,50.71875,4.84375,'Beta3','2014-10-30 23:45:00'
Marditj,32.4375,15.0625,9.375,'Beta3','2014-10-30 23:45:00'
Markanomovoy,-167.09375,26.71875,-55.375,'Beta3','2014-10-30 23:45:00'
Marojini,-99.84375,34.46875,-9.3125,'Beta3','2014-10-30 23:45:00'
Marsinatani,-87.21875,40.34375,-9.5,'Beta3','2014-10-30 23:45:00'
Maujinagoto,-77.46875,16.09375,-19.5625,'Beta3','2014-10-30 23:45:00'
Mbuthamovites,-132.8125,15.65625,-47.90625,'Beta3','2014-10-30 23:45:00'
MCC 858,-74,4.9375,-29.875,'Beta3','2014-10-30 23:45:00'
Megrez,-30.09375,69.5625,-27.1875,'Beta3','2014-10-30 23:45:00'
Melcior,54.78125,65.25,-9.21875,'Beta3','2014-10-30 23:45:00'
Meliae,-17.3125,49.53125,-1.6875,'Beta3','2014-10-30 23:45:00'
Midgcut,-14.625,10.34375,13.15625,'Beta3','2014-10-30 23:45:00'
Mildeptu,14.125,1.3125,-3.28125,'Beta3','2014-10-30 23:45:00'
Mildjarayuta,65.9375,44.625,8.84375,'Beta3','2014-10-30 23:45:00'
Minawara,-100.03125,42.53125,-60.59375,'Beta3','2014-10-30 23:45:00'
Miola,-64,24,-41,'Beta3','2014-10-30 23:45:00'
Miquich,-17.71875,19.125,19.59375,'Beta3','2014-10-30 23:45:00'
Mizar,-34.21875,68.84375,-14.09375,'Beta3','2014-10-30 23:45:00'
Mobokomu,-126.40625,20.09375,-57.3125,'Beta3','2014-10-30 23:45:00'
Mokojing,73.4375,58.34375,-0.21875,'Beta3','2014-10-30 23:45:00'
Momoirent,58.0625,13.53125,0.90625,'Beta3','2014-10-30 23:45:00'
Morgor,-15.25,39.53125,-2.25,'Beta3','2014-10-30 23:45:00'
Moros,-45.96875,17.375,-31.3125,'Beta3','2014-10-30 23:45:00'
Moscab Kutja,-95.65625,38.0625,-13.46875,'Beta3','2014-10-30 23:45:00'
Mu Nora,-115.09375,43.84375,-24.5,'Beta3','2014-10-30 23:45:00'
Muango,-143.03125,28.53125,-20.90625,'Beta3','2014-10-30 23:45:00'
Mufrid,-1.125,35.25,11.09375,'Beta3','2014-10-30 23:45:00'
Mullag,0.5,35.09375,-19.1875,'Beta3','2014-10-30 23:45:00'
Muncheim,-98.375,37.5625,-61.28125,'Beta3','2014-10-30 23:45:00'
Nagariggam,57.0625,37.875,0.75,'Beta3','2014-10-30 23:45:00'
Nahundi,28,47.15625,-13.28125,'Beta3','2014-10-30 23:45:00'
Nakuma,-154.59375,34.1875,-18.75,'Beta3','2014-10-30 23:45:00'
Nang Ta-khian,-18.21875,26.5625,-6.34375,'Beta3','2014-10-30 23:45:00'
Naraka,-34.09375,26.21875,-5.53125,'Beta3','2014-10-30 23:45:00'
Neche,63.6875,12.90625,-13.09375,'Beta3','2014-10-30 23:45:00'
Nemepawe,-127.59375,34.90625,-43.40625,'Beta3','2014-10-30 23:45:00'
Nener,-97,14.15625,-33.5,'Beta3','2014-10-30 23:45:00'
Ngardamayo,39.53125,28.53125,-36.21875,'Beta3','2014-10-30 23:45:00'
Ngolitjali,-117.53125,38.0625,-4.9375,'Beta3','2014-10-30 23:45:00'
Ngoloki Anaten,-112.5,33.8125,-60.03125,'Beta3','2014-10-30 23:45:00'
Nicobarese,-124.9375,29.90625,-39.15625,'Beta3','2014-10-30 23:45:00'
Njikan,-104.78125,3.65625,-20.8125,'Beta3','2014-10-30 23:45:00'
NLTT 26813,65.5625,35.875,11.8125,'Beta3','2014-10-30 23:45:00'
NLTT 34715,-27.4375,66.53125,-5.65625,'Beta3','2014-10-30 23:45:00'
NLTT 46621,-43.8125,20.34375,4.8125,'Beta3','2014-10-30 23:45:00'
NLTT 48502,-99.5625,27.125,-4.25,'Beta3','2014-10-30 23:45:00'
NLTT 50716,-90.96875,40.40625,-42.0625,'Beta3','2014-10-30 23:45:00'
NLTT 53889,-76.5,7.6875,-24.96875,'Beta3','2014-10-30 23:45:00'
Nuenets,48,17.65625,28.3125,'Beta3','2014-10-30 23:45:00'
Nuguynici,-132.3125,44.40625,-13.84375,'Beta3','2014-10-30 23:45:00'
Nuwang,-87.65625,0.59375,-41.53125,'Beta3','2014-10-30 23:45:00'
Nzam Cakua,-90.65625,8.5,-40.625,'Beta3','2014-10-30 23:45:00'
Nzambassee,-1.03125,33.0625,-19.96875,'Beta3','2014-10-30 23:45:00'
Okinoukhe,-111.5625,8.84375,-41.65625,'Beta3','2014-10-30 23:45:00'
Okuapang,-84.3125,52.8125,-14.875,'Beta3','2014-10-30 23:45:00'
Olgrea,-28.125,68.28125,-6.375,'Beta3','2014-10-30 23:45:00'
Onduwatya,-119.9375,60.34375,-38.71875,'Beta3','2014-10-30 23:45:00'
Opala,-25.5,35.25,9.28125,'Beta3','2014-10-30 23:45:00'
Ori,-26.28125,56.09375,2.4375,'Beta3','2014-10-30 23:45:00'
OT Serpentis,-11.125,30.34375,18.40625,'Beta3','2014-10-30 23:45:00'
Ovid,-28.0625,35.15625,14.8125,'Beta3','2014-10-30 23:45:00'
Pachanu,-160.21875,40.53125,-55.75,'Beta3','2014-10-30 23:45:00'
Pan,14.9375,40.03125,22.375,'Beta3','2014-10-30 23:45:00'
Pangluya,27.1875,41.1875,-16.59375,'Beta3','2014-10-30 23:45:00'
Parcae,-8.125,55.09375,-17,'Beta3','2014-10-30 23:45:00'
Paul-Friedrichs Star,-48.15625,34.3125,8.78125,'Beta3','2014-10-30 23:45:00'
Pemede,-88.4375,25.46875,-26.15625,'Beta3','2014-10-30 23:45:00'
Perendi,-52.5625,33.09375,-11.875,'Beta3','2014-10-30 23:45:00'
Phra Zhan,78.8125,56.0625,7.21875,'Beta3','2014-10-30 23:45:00'
Pi-fang,-34.65625,22.84375,-4.59375,'Beta3','2014-10-30 23:45:00'
Piran,-124.40625,39.5,-13.96875,'Beta3','2014-10-30 23:45:00'
Pliny,4.625,36,-13.5,'Beta3','2014-10-30 23:45:00'
Pollux,6.71875,13.71875,-30.125,'Beta3','2014-10-30 23:45:00'
Popon,-156.78125,20.84375,-76.75,'Beta3','2014-10-30 23:45:00'
PPM 41187,-74.125,-1.9375,-23.90625,'Beta3','2014-10-30 23:45:00'
Privir,-161.0625,16.5,-22.875,'Beta3','2014-10-30 23:45:00'
Procyon,6.21875,2.65625,-9.1875,'Beta3','2014-10-30 23:45:00'
Psamathe,-76.71875,7.34375,-28.0625,'Beta3','2014-10-30 23:45:00'
PW Hydrae,65,38.5625,-6.21875,'Beta3','2014-10-30 23:45:00'
Quiness,-46.46875,37.78125,-24.9375,'Beta3','2014-10-30 23:45:00'
Rabates,-152.125,-1.71875,-49.34375,'Beta3','2014-10-30 23:45:00'
Rahu,-43.78125,62.4375,-0.25,'Beta3','2014-10-30 23:45:00'
Rakapila,-14.90625,33.625,9.125,'Beta3','2014-10-30 23:45:00'
Ratri,-11.53125,70,-26.75,'Beta3','2014-10-30 23:45:00'
Rauratunab,-118.4375,11.03125,-51.78125,'Beta3','2014-10-30 23:45:00'
Rhea,58.125,22.59375,-28.59375,'Beta3','2014-10-30 23:45:00'
Rho Cancri,9.34375,24.9375,-30.1875,'Beta3','2014-10-30 23:45:00'
Ross 1003,-4.3125,33.90625,-11.96875,'Beta3','2014-10-30 23:45:00'
Ross 1015,-6.09375,29.46875,3.03125,'Beta3','2014-10-30 23:45:00'
Ross 104,5.5625,19.6875,-7.3125,'Beta3','2014-10-30 23:45:00'
Ross 1051,-37.21875,44.5,-5.0625,'Beta3','2014-10-30 23:45:00'
Ross 1057,-32.3125,26.1875,-12.4375,'Beta3','2014-10-30 23:45:00'
Ross 112,-28,64.28125,-33.34375,'Beta3','2014-10-30 23:45:00'
Ross 128,5.53125,9.4375,0.125,'Beta3','2014-10-30 23:45:00'
Ross 130,-3.90625,41,19.75,'Beta3','2014-10-30 23:45:00'
Ross 210,-73.5,10.0625,-15.71875,'Beta3','2014-10-30 23:45:00'
Ross 211,-123.71875,17.3125,-30.21875,'Beta3','2014-10-30 23:45:00'
Ross 318,-22,4.25,-14.875,'Beta3','2014-10-30 23:45:00'
Ross 446,14.21875,16.90625,-6.53125,'Beta3','2014-10-30 23:45:00'
Ross 447,-36.5,52.46875,-38.15625,'Beta3','2014-10-30 23:45:00'
Ross 486,14.65625,39.46875,18.90625,'Beta3','2014-10-30 23:45:00'
Ross 490,3.59375,23.5,7.53125,'Beta3','2014-10-30 23:45:00'
Ross 667,-170.53125,5.71875,-49.1875,'Beta3','2014-10-30 23:45:00'
Ross 695,18.8125,20.03125,8.78125,'Beta3','2014-10-30 23:45:00'
Ross 85,17.375,25.5,-19.875,'Beta3','2014-10-30 23:45:00'
Ross 860,-20.125,19.28125,19,'Beta3','2014-10-30 23:45:00'
Ross 905,4.46875,31.9375,-7.21875,'Beta3','2014-10-30 23:45:00'
Ross 93,11.46875,34.5625,-27.6875,'Beta3','2014-10-30 23:45:00'
Ross 986,-0.25,7.1875,-19.25,'Beta3','2014-10-30 23:45:00'
Sak Chelmir,55.78125,40.8125,19.78125,'Beta3','2014-10-30 23:45:00'
Salarhul,-120.875,46.34375,-35.5625,'Beta3','2014-10-30 23:45:00'
Samkyha,66.96875,28.75,-1.21875,'Beta3','2014-10-30 23:45:00'
Sanguru,-123.53125,42.3125,-72.71875,'Beta3','2014-10-30 23:45:00'
Seber,-173.875,2.5625,-31.21875,'Beta3','2014-10-30 23:45:00'
Sekhemet,33.1875,30.375,-29.21875,'Beta3','2014-10-30 23:45:00'
Selebegua,58.75,61.125,25.59375,'Beta3','2014-10-30 23:45:00'
Seting,-57.71875,7.875,-6.5,'Beta3','2014-10-30 23:45:00'
Shama,-143.3125,49.75,-45.3125,'Beta3','2014-10-30 23:45:00'
Shamash,47.46875,28.28125,-9.21875,'Beta3','2014-10-30 23:45:00'
Shapash,36.75,31.8125,-19.375,'Beta3','2014-10-30 23:45:00'
Shebayeb,-84.6875,55.71875,-12.78125,'Beta3','2014-10-30 23:45:00'
Sheela Na Gig,-24.9375,67.46875,-12.09375,'Beta3','2014-10-30 23:45:00'
Sigma Bootis,-14.46875,47.4375,14.40625,'Beta3','2014-10-30 23:45:00'
Skeggiko O,53.6875,11.9375,16.5,'Beta3','2014-10-30 23:45:00'
Slatus,76.6875,35.1875,-19.09375,'Beta3','2014-10-30 23:45:00'
Sofagre,-54.21875,48.53125,-30.15625,'Beta3','2014-10-30 23:45:00'
Sokoji,58.15625,38.875,19.4375,'Beta3','2014-10-30 23:45:00'
Song Te Tians,40.09375,52.59375,-17.21875,'Beta3','2014-10-30 23:45:00'
Sopdu,-45.625,7.125,-27.53125,'Beta3','2014-10-30 23:45:00'
Stein 2051,-9.46875,2.4375,-15.375,'Beta3','2014-10-30 23:45:00'
Styx,-24.3125,37.75,6.03125,'Beta3','2014-10-30 23:45:00'
Sudz,-9.875,52.4375,-29.25,'Beta3','2014-10-30 23:45:00'
Sukub Tungatis,-40.125,65.96875,-35.5625,'Beta3','2014-10-30 23:45:00'
Sukuruaco,69.46875,45.875,13.6875,'Beta3','2014-10-30 23:45:00'
Supen,-95.25,61.53125,-47.71875,'Beta3','2014-10-30 23:45:00'
Suraci,-102.53125,9.34375,-51.625,'Beta3','2014-10-30 23:45:00'
Surya,-38.46875,39.25,5.40625,'Beta3','2014-10-30 23:45:00'
Tabassapisi,-84.5,37.34375,-2.25,'Beta3','2014-10-30 23:45:00'
Taexalkoloine,-92.125,57.21875,-27.53125,'Beta3','2014-10-30 23:45:00'
Taima Baijuhacmoora,-12.125,56.59375,9.1875,'Beta3','2014-10-30 23:45:00'
Taleachishvakhrud,-102.96875,57.375,-21.9375,'Beta3','2014-10-30 23:45:00'
Taliesin,-2.9375,22.1875,-25.28125,'Beta3','2014-10-30 23:45:00'
Talitha,-5.125,31.28125,-35.125,'Beta3','2014-10-30 23:45:00'
'T''ang Bumbain',-86.5625,29.96875,-4.0625,'Beta3','2014-10-30 23:45:00'
Taosha,-113.9375,18.78125,-10.875,'Beta3','2014-10-30 23:45:00'
Tarasa,-159.78125,53.09375,-56.6875,'Beta3','2014-10-30 23:45:00'
Tatil,-77.84375,23.1875,-22.59375,'Beta3','2014-10-30 23:45:00'
Tau Bootis,0.09375,48.78125,14.625,'Beta3','2014-10-30 23:45:00'
Tau-1 Hydrae,39.59375,30.96875,-25.84375,'Beta3','2014-10-30 23:45:00'
Tefenhua,-61.03125,58.8125,-43.96875,'Beta3','2014-10-30 23:45:00'
Teng Yeh,6.28125,28.4375,-12.46875,'Beta3','2014-10-30 23:45:00'
Theta Cygni,-57.65625,14.15625,7.1875,'Beta3','2014-10-30 23:45:00'
Theta Ursae Majoris,-7.59375,31.71875,-29.46875,'Beta3','2014-10-30 23:45:00'
Thosim Biamh,-59.5625,31.65625,-23.3125,'Beta3','2014-10-30 23:45:00'
Thoth,1.9375,41.46875,-24.8125,'Beta3','2014-10-30 23:45:00'
Thottacahuan,12.4375,30.90625,9.15625,'Beta3','2014-10-30 23:45:00'
Thraskias,46.71875,46.625,-1.65625,'Beta3','2014-10-30 23:45:00'
Tiapalan,26.03125,18.28125,9.15625,'Beta3','2014-10-30 23:45:00'
Tiethay,-29.625,67.09375,-20.875,'Beta3','2014-10-30 23:45:00'
Tilian,-21.53125,22.3125,10.125,'Beta3','2014-10-30 23:45:00'
Tinia,6.8125,48.71875,-33.25,'Beta3','2014-10-30 23:45:00'
Tivertsi,-106.6875,2.03125,-50.0625,'Beta3','2014-10-30 23:45:00'
Tollan,-14.78125,20,-21.96875,'Beta3','2014-10-30 23:45:00'
Trepin,26.375,10.5625,9.78125,'Beta3','2014-10-30 23:45:00'
Tripu,-73.15625,9.28125,-27.8125,'Beta3','2014-10-30 23:45:00'
Tsetan,-112.75,17.71875,-34.71875,'Beta3','2014-10-30 23:45:00'
Tsohodiae,-103.75,30.96875,-1.5625,'Beta3','2014-10-30 23:45:00'
Tun,-47.96875,20.96875,-17.53125,'Beta3','2014-10-30 23:45:00'
Turmakul,-79.1875,64.25,-33.875,'Beta3','2014-10-30 23:45:00'
Tyche,25.21875,43.96875,-28.6875,'Beta3','2014-10-30 23:45:00'
Tyr,-79.625,21.25,-25.0625,'Beta3','2014-10-30 23:45:00'
Udegoci,-70,51.71875,-54.5,'Beta3','2014-10-30 23:45:00'
V1090 Herculis,-44.9375,36.9375,13.46875,'Beta3','2014-10-30 23:45:00'
V2151 Cygni,-63.75,3.65625,-5.59375,'Beta3','2014-10-30 23:45:00'
V417 Hydrae,61.65625,44,-20.125,'Beta3','2014-10-30 23:45:00'
V419 Hydrae,62.625,30.625,2.78125,'Beta3','2014-10-30 23:45:00'
V538 Aurigae,-14.25,8.625,-36.4375,'Beta3','2014-10-30 23:45:00'
V740 Cassiopeiae,-86.1875,7.15625,-47.78125,'Beta3','2014-10-30 23:45:00'
V886 Centauri,45.15625,12.125,26.96875,'Beta3','2014-10-30 23:45:00'
V989 Cassiopeiae,-45.375,6.78125,-39.625,'Beta3','2014-10-30 23:45:00'
Vega,-21.90625,8.125,9,'Beta3','2014-10-30 23:45:00'
Veneri,35.6875,54.125,20.09375,'Beta3','2014-10-30 23:45:00'
Verboni,-98.71875,22.5,-60.34375,'Beta3','2014-10-30 23:45:00'
Vetr,-59.0625,12.65625,1.46875,'Beta3','2014-10-30 23:45:00'
VZ Corvi,39.6875,50.4375,25.59375,'Beta3','2014-10-30 23:45:00'
Wadjuk,-50.59375,49.84375,-45.8125,'Beta3','2014-10-30 23:45:00'
Wakarendians,-134.5,35.28125,-26.21875,'Beta3','2014-10-30 23:45:00'
Wanggu,-132.71875,30.96875,-39.59375,'Beta3','2014-10-30 23:45:00'
Wathlanukh,-149.21875,5.25,-60.6875,'Beta3','2014-10-30 23:45:00'
Wei Jung,-124.71875,14.28125,-29.1875,'Beta3','2014-10-30 23:45:00'
Wen Tsakimori,-98.3125,64.34375,-47.40625,'Beta3','2014-10-30 23:45:00'
Widjararappan,-130.84375,41.8125,-21.78125,'Beta3','2014-10-30 23:45:00'
Widjigarasir,-141.9375,45.75,-10.46875,'Beta3','2014-10-30 23:45:00'
Wikmeang,-135.71875,20.8125,-43.0625,'Beta3','2014-10-30 23:45:00'
WISE 1506+7027,-7.375,7.09375,-2.4375,'Beta3','2014-10-30 23:45:00'
Wolf 1409,-56.125,29.8125,9.0625,'Beta3','2014-10-30 23:45:00'
Wolf 1478,9.5,24.15625,23.875,'Beta3','2014-10-30 23:45:00'
Wolf 1481,5.1875,13.375,13.5625,'Beta3','2014-10-30 23:45:00'
Wolf 248,2.78125,60.3125,-0.4375,'Beta3','2014-10-30 23:45:00'
Wolf 294,1,4.9375,-17.53125,'Beta3','2014-10-30 23:45:00'
Wolf 359,3.875,6.46875,-1.90625,'Beta3','2014-10-30 23:45:00'
Wolf 369,30.625,50.375,-8.875,'Beta3','2014-10-30 23:45:00'
Wolf 393,29.65625,49.4375,-4.9375,'Beta3','2014-10-30 23:45:00'
Wolf 417,13.6875,42.0625,4.8125,'Beta3','2014-10-30 23:45:00'
Wolf 424,4.21875,13.28125,1.4375,'Beta3','2014-10-30 23:45:00'
Wolf 437,7,26,4.375,'Beta3','2014-10-30 23:45:00'
Wolf 46,-27.03125,-0.125,-18.625,'Beta3','2014-10-30 23:45:00'
Wolf 485a,22.90625,46.71875,27.28125,'Beta3','2014-10-30 23:45:00'
Wolf 497,0.125,41.46875,11.96875,'Beta3','2014-10-30 23:45:00'
Wolf 54,-39.90625,1.1875,-27.9375,'Beta3','2014-10-30 23:45:00'
Wolf 562,1.46875,12.84375,15.5625,'Beta3','2014-10-30 23:45:00'
Wosyra Pao,11.53125,31.375,-13.9375,'Beta3','2014-10-30 23:45:00'
Wu Gondru,-132.6875,23.15625,-20.125,'Beta3','2014-10-30 23:45:00'
Wunian,-130.0625,18.375,-32.9375,'Beta3','2014-10-30 23:45:00'
WX Ursa Majoris,-1.40625,14.15625,-6.875,'Beta3','2014-10-30 23:45:00'
Wyrd,-11.625,31.53125,-3.9375,'Beta3','2014-10-30 23:45:00'
Xelabara,-93.40625,66.0625,-44.96875,'Beta3','2014-10-30 23:45:00'
Xi Ursae Majoris,2.65625,27.09375,-9.9375,'Beta3','2014-10-30 23:45:00'
Xi Wangkala,-135.65625,35.3125,-29.84375,'Beta3','2014-10-30 23:45:00'
Xolotl,-21.53125,43.5,-41.65625,'Beta3','2014-10-30 23:45:00'
Yakan,-140.84375,45.9375,-12.53125,'Beta3','2014-10-30 23:45:00'
Yakawana,-103.09375,35.46875,-31.28125,'Beta3','2014-10-30 23:45:00'
'Ya''Nomisiyaces',41.34375,13.28125,-9.6875,'Beta3','2014-10-30 23:45:00'
Yanyan,-40.3125,42.40625,-8.46875,'Beta3','2014-10-30 23:45:00'
Yarigui,-72.5625,2.5625,-25.84375,'Beta3','2014-10-30 23:45:00'
'Ye''kuapemas',-70.15625,44.625,-33.65625,'Beta3','2014-10-30 23:45:00'
Yeru Bao Hinu,-92.53125,8.40625,-33.84375,'Beta3','2014-10-30 23:45:00'
Yoruba,-46,35.84375,-34.21875,'Beta3','2014-10-30 23:45:00'
Yuggsanawyddis,-150.96875,67.03125,-37.8125,'Beta3','2014-10-30 23:45:00'
Yugusitanitou,-77.09375,58.59375,-52.9375,'Beta3','2014-10-30 23:45:00'
Zangi,42.0625,55.6875,-9.9375,'Beta3','2014-10-30 23:45:00'
Zaraluvul,-4.875,64.21875,-0.8125,'Beta3','2014-10-30 23:45:00'
Zenmaku,-90.46875,19.375,-62.71875,'Beta3','2014-10-30 23:45:00'
Zeta Herculis,-21.34375,22.375,16.25,'Beta3','2014-10-30 23:45:00'
Zombardgriti,-132.28125,31.40625,-39.625,'Beta3','2014-10-30 23:45:00'
Zombo,-139.5625,30.375,-20.90625,'Beta3','2014-10-30 23:45:00'
Zopiates,-145.0625,63.28125,-33.875,'Beta3','2014-10-30 23:45:00'
Zosma,16.0625,53.875,-15.84375,'Beta3','2014-10-30 23:45:00'
Jata,-28.375,-112.53125,98.4375,'Beta3','2014-10-30 23:45:00'
